date,open,high,low,close,volume
2026-07-02 09:30:00,294.12,297.1,293.7,297.04,44022.0
2026-07-02 09:31:00,297.03,299.04,296.94,298.9,387097.0
2026-07-02 09:32:00,299.0,299.82,298.64,299.26,333980.0
2026-07-02 09:33:00,299.23,299.5,297.85,298.08,244659.0
2026-07-02 09:34:00,298.18,298.52,297.9,298.28,143692.0
2026-07-02 09:35:00,298.22,298.86,298.12,298.43,241851.0
2026-07-02 09:36:00,298.37,299.08,298.2,298.97,177706.0
2026-07-02 09:37:00,299.02,299.34,298.87,299.28,166444.0
2026-07-02 09:38:00,299.35,299.71,299.25,299.51,204531.0
2026-07-02 09:39:00,299.61,300.16,299.41,300.13,384326.0
2026-07-02 09:40:00,300.13,300.32,299.78,299.97,184912.0
2026-07-02 09:41:00,299.97,300.92,299.87,300.86,230313.0
2026-07-02 09:42:00,300.96,301.13,300.52,300.79,401939.0
2026-07-02 09:43:00,300.8,301.11,300.37,300.45,195235.0
2026-07-02 09:44:00,300.41,300.71,300.28,300.36,177277.0
2026-07-02 09:45:00,300.47,301.17,300.47,300.96,198028.0
2026-07-02 09:46:00,301.01,301.7,300.84,300.92,214435.0
2026-07-02 09:47:00,300.9,301.75,300.68,301.7,212118.0
2026-07-02 09:48:00,301.68,302.1,301.58,302.05,274465.0
2026-07-02 09:49:00,302.06,302.33,301.96,302.16,266386.0
2026-07-02 09:50:00,302.15,302.67,302.14,302.35,250889.0
2026-07-02 09:51:00,302.31,302.31,301.49,301.58,220691.0
2026-07-02 09:52:00,301.6,302.41,301.58,302.38,132526.0
2026-07-02 09:53:00,302.38,302.43,302.05,302.15,121901.0
2026-07-02 09:54:00,302.19,302.19,301.7,301.8,16816.0
2026-07-02 09:55:00,301.72,301.96,301.49,301.93,140025.0
2026-07-02 09:56:00,301.93,301.94,301.68,301.9,167523.0
2026-07-02 09:57:00,301.92,302.1,301.85,302.1,169033.0
2026-07-02 09:58:00,302.1,302.43,302.03,302.26,198315.0
2026-07-02 09:59:00,302.27,302.79,302.21,302.79,203320.0
2026-07-02 10:00:00,302.8,303.19,302.72,302.73,407126.0
2026-07-02 10:01:00,302.74,303.13,302.7,302.87,194760.0
2026-07-02 10:02:00,302.86,303.03,302.65,302.77,151528.0
2026-07-02 10:03:00,302.76,303.15,302.68,302.96,149761.0
2026-07-02 10:04:00,302.98,303.39,302.87,303.04,145782.0
2026-07-02 10:05:00,303.07,303.28,302.95,302.95,144476.0
2026-07-02 10:06:00,302.96,303.11,302.72,302.84,151871.0
2026-07-02 10:07:00,302.81,302.97,302.73,302.91,126195.0
2026-07-02 10:08:00,302.91,303.51,302.85,303.24,158493.0
2026-07-02 10:09:00,303.28,303.57,303.04,303.54,319520.0
2026-07-02 10:10:00,303.55,303.58,303.13,303.21,171241.0
2026-07-02 10:11:00,303.24,303.77,303.24,303.73,235075.0
2026-07-02 10:12:00,303.76,304.06,303.6,304.06,278142.0
2026-07-02 10:13:00,304.01,304.52,303.96,304.26,370643.0
2026-07-02 10:14:00,304.25,304.25,303.12,303.66,250766.0
2026-07-02 10:15:00,303.79,304.19,303.61,303.9,163011.0
2026-07-02 10:16:00,303.94,304.06,303.67,303.81,156320.0
2026-07-02 10:17:00,303.83,304.27,303.61,304.09,146615.0
2026-07-02 10:18:00,304.08,304.13,303.66,303.67,106390.0
2026-07-02 10:19:00,303.79,304.5,303.74,304.36,193185.0
2026-07-02 10:20:00,304.38,304.8,304.26,304.52,225006.0
2026-07-02 10:21:00,304.58,304.75,304.5,304.75,230435.0
2026-07-02 10:22:00,304.73,304.86,304.57,304.83,204825.0
2026-07-02 10:23:00,304.85,305.1,304.57,304.7,400998.0
2026-07-02 10:24:00,304.72,304.95,304.49,304.62,213038.0
2026-07-02 10:25:00,304.61,304.84,304.14,304.78,162681.0
2026-07-02 10:26:00,304.73,304.84,304.36,304.59,161291.0
2026-07-02 10:27:00,304.53,304.89,304.39,304.56,212205.0
2026-07-02 10:28:00,304.53,304.82,304.35,304.7,171249.0
2026-07-02 10:29:00,304.71,305.32,304.52,305.0,211238.0
2026-07-02 10:30:00,305.05,305.35,304.86,305.22,209182.0
2026-07-02 10:31:00,305.25,305.96,305.25,305.74,288714.0
2026-07-02 10:32:00,305.74,306.64,305.73,306.37,313436.0
2026-07-02 10:33:00,306.34,306.37,305.89,305.91,260122.0
2026-07-02 10:34:00,305.84,305.84,305.31,305.7,228864.0
2026-07-02 10:35:00,305.77,305.86,305.08,305.17,237920.0
2026-07-02 10:36:00,305.14,305.5,305.08,305.49,233842.0
2026-07-02 10:37:00,305.46,305.69,305.19,305.24,246577.0
2026-07-02 10:38:00,305.23,305.55,304.9,305.54,154884.0
2026-07-02 10:39:00,305.51,305.73,305.3,305.37,163306.0
2026-07-02 10:40:00,305.41,305.92,305.4,305.7,139998.0
2026-07-02 10:41:00,305.71,306.07,305.63,305.63,163726.0
2026-07-02 10:42:00,305.67,306.1,305.52,306.1,205352.0
2026-07-02 10:43:00,306.1,306.19,305.75,305.97,161406.0
2026-07-02 10:44:00,306.0,306.42,305.92,306.42,211542.0
2026-07-02 10:45:00,306.43,306.77,306.21,306.23,294175.0
2026-07-02 10:46:00,306.26,306.34,305.75,306.15,208585.0
2026-07-02 10:47:00,306.18,306.52,306.13,306.3,210988.0
2026-07-02 10:48:00,306.26,306.28,305.55,305.58,211654.0
2026-07-02 10:49:00,305.59,305.85,305.53,305.55,148071.0
2026-07-02 10:50:00,305.51,305.96,305.32,305.5,167438.0
2026-07-02 10:51:00,305.51,305.94,305.5,305.94,119529.0
2026-07-02 10:52:00,305.94,306.28,305.94,306.14,176020.0
2026-07-02 10:53:00,306.16,306.49,306.05,306.48,137390.0
2026-07-02 10:54:00,306.48,306.48,306.16,306.3,144751.0
2026-07-02 10:55:00,306.3,306.51,306.3,306.39,130436.0
2026-07-02 10:56:00,306.42,306.68,306.34,306.66,152744.0
2026-07-02 10:57:00,306.62,306.89,306.49,306.75,150480.0
2026-07-02 10:58:00,306.76,307.03,306.74,306.79,324713.0
2026-07-02 10:59:00,306.81,306.9,306.56,306.9,208476.0
2026-07-02 11:00:00,306.9,307.52,306.8,307.47,277220.0
2026-07-02 11:01:00,307.45,307.76,307.15,307.68,196838.0
2026-07-02 11:02:00,307.65,307.82,307.33,307.54,199075.0
2026-07-02 11:03:00,307.55,307.62,307.05,307.07,152923.0
2026-07-02 11:04:00,307.09,307.22,306.6,306.67,193961.0
2026-07-02 11:05:00,306.68,306.89,306.16,306.17,217717.0
2026-07-02 11:06:00,306.14,306.28,305.89,306.14,202733.0
2026-07-02 11:07:00,306.12,306.13,305.4,305.73,273000.0
2026-07-02 11:08:00,305.73,306.44,305.73,306.27,206110.0
2026-07-02 11:09:00,306.29,306.91,306.26,306.91,226462.0
2026-07-02 11:10:00,306.89,306.96,306.42,306.62,248889.0
2026-07-02 11:11:00,306.63,306.8,306.35,306.79,181782.0
2026-07-02 11:12:00,306.76,307.09,306.7,307.05,134583.0
2026-07-02 11:13:00,307.04,307.6,306.87,307.4,204067.0
2026-07-02 11:14:00,307.46,307.79,307.37,307.39,202259.0
2026-07-02 11:15:00,307.44,307.44,306.93,306.93,185092.0
2026-07-02 11:16:00,306.95,307.01,306.27,306.38,98878.0
2026-07-02 11:17:00,306.33,306.9,306.11,306.9,177215.0
2026-07-02 11:18:00,306.86,307.32,306.81,307.19,184951.0
2026-07-02 11:19:00,307.15,307.21,306.8,307.1,118786.0
2026-07-02 11:20:00,307.06,307.15,306.73,306.96,157607.0
2026-07-02 11:21:00,306.99,307.05,306.8,306.96,157326.0
2026-07-02 11:22:00,306.98,307.01,306.84,306.93,104098.0
2026-07-02 11:23:00,306.88,307.1,306.74,307.05,113328.0
2026-07-02 11:24:00,307.11,307.31,307.08,307.26,126431.0
2026-07-02 11:25:00,307.29,307.29,306.62,306.75,151699.0
2026-07-02 11:26:00,306.75,306.78,306.2,306.29,143686.0
2026-07-02 11:27:00,306.3,306.41,305.62,305.64,160680.0
2026-07-02 11:28:00,305.64,305.7,305.4,305.65,154198.0
2026-07-02 11:29:00,305.69,305.74,305.31,305.41,165441.0
2026-07-02 11:30:00,305.44,305.96,305.44,305.84,114442.0
2026-07-02 11:31:00,305.85,306.5,305.83,306.37,148648.0
2026-07-02 11:32:00,306.36,306.69,306.35,306.6,97890.0
2026-07-02 11:33:00,306.63,306.75,306.56,306.58,88709.0
2026-07-02 11:34:00,306.57,306.61,306.06,306.26,121979.0
2026-07-02 11:35:00,306.3,306.42,306.22,306.26,92920.0
2026-07-02 11:36:00,306.25,306.44,306.1,306.35,105923.0
2026-07-02 11:37:00,306.37,306.83,306.37,306.79,137812.0
2026-07-02 11:38:00,306.81,306.88,306.31,306.64,140797.0
2026-07-02 11:39:00,306.64,306.72,306.47,306.53,99018.0
2026-07-02 11:40:00,306.54,306.56,306.15,306.31,85303.0
2026-07-02 11:41:00,306.27,306.55,306.26,306.41,102798.0
2026-07-02 11:42:00,306.39,306.46,306.05,306.2,117275.0
2026-07-02 11:43:00,306.22,306.22,305.86,305.88,80932.0
2026-07-02 11:44:00,305.85,305.95,305.66,305.71,85521.0
2026-07-02 11:45:00,305.71,305.95,305.7,305.86,68149.0
2026-07-02 11:46:00,305.83,305.83,305.46,305.55,80077.0
2026-07-02 11:47:00,305.56,305.76,305.35,305.73,121006.0
2026-07-02 11:48:00,305.74,306.13,305.61,305.85,87171.0
2026-07-02 11:49:00,305.86,305.93,305.61,305.82,73257.0
2026-07-02 11:50:00,305.79,305.79,305.34,305.41,86906.0
2026-07-02 11:51:00,305.42,305.65,305.28,305.54,97811.0
2026-07-02 11:52:00,305.54,305.73,305.44,305.73,75418.0
2026-07-02 11:53:00,305.77,305.99,305.72,305.86,83039.0
2026-07-02 11:54:00,305.86,306.08,305.86,305.95,69254.0
2026-07-02 11:55:00,305.97,306.05,305.64,305.74,77235.0
2026-07-02 11:56:00,305.7,305.82,305.52,305.82,97561.0
2026-07-02 11:57:00,305.79,305.92,305.68,305.69,66547.0
2026-07-02 11:58:00,305.66,305.98,305.63,305.98,111155.0
2026-07-02 11:59:00,305.99,306.0,305.6,305.64,110523.0
2026-07-02 12:00:00,305.64,305.97,305.63,305.94,90615.0
2026-07-02 12:01:00,305.96,306.36,305.91,306.29,160024.0
2026-07-02 12:02:00,306.29,306.31,306.1,306.27,106660.0
2026-07-02 12:03:00,306.26,306.57,306.09,306.57,143493.0
2026-07-02 12:04:00,306.58,306.73,306.44,306.69,79645.0
2026-07-02 12:05:00,306.68,306.86,306.64,306.67,123749.0
2026-07-02 12:06:00,306.67,306.8,306.6,306.74,80544.0
2026-07-02 12:07:00,306.74,306.95,306.66,306.71,137760.0
2026-07-02 12:08:00,306.69,306.75,306.48,306.73,87188.0
2026-07-02 12:09:00,306.74,306.89,306.47,306.64,87383.0
2026-07-02 12:10:00,306.66,306.86,306.56,306.83,83033.0
2026-07-02 12:11:00,306.86,307.03,306.8,306.83,167662.0
2026-07-02 12:12:00,306.81,306.81,306.59,306.76,67216.0
2026-07-02 12:13:00,306.78,307.0,306.68,306.75,117582.0
2026-07-02 12:14:00,306.77,307.08,306.6,307.04,112314.0
2026-07-02 12:15:00,307.07,307.82,306.98,307.6,357616.0
2026-07-02 12:16:00,307.6,307.89,307.59,307.77,303788.0
2026-07-02 12:17:00,307.79,307.88,307.2,307.36,318484.0
2026-07-02 12:18:00,307.36,307.85,307.17,307.79,139149.0
2026-07-02 12:19:00,307.86,307.93,307.65,307.74,177406.0
2026-07-02 12:20:00,307.76,307.78,307.44,307.52,135853.0
2026-07-02 12:21:00,307.52,307.69,307.41,307.41,90369.0
2026-07-02 12:22:00,307.4,307.7,307.36,307.6,105253.0
2026-07-02 12:23:00,307.6,307.74,307.47,307.71,104286.0
2026-07-02 12:24:00,307.7,307.91,307.63,307.8,136942.0
2026-07-02 12:25:00,307.81,308.44,307.81,308.43,253254.0
2026-07-02 12:26:00,308.44,308.44,308.0,308.05,168446.0
2026-07-02 12:27:00,308.06,308.09,307.72,307.95,115816.0
2026-07-02 12:28:00,307.97,308.19,307.77,308.11,105120.0
2026-07-02 12:29:00,308.13,308.17,307.99,308.09,118920.0
2026-07-02 12:30:00,308.1,308.27,308.06,308.22,120956.0
2026-07-02 12:31:00,308.2,308.3,307.76,308.02,117082.0
2026-07-02 12:32:00,307.94,307.96,307.76,307.93,74004.0
2026-07-02 12:33:00,307.92,308.48,307.92,308.39,152175.0
2026-07-02 12:34:00,308.36,308.45,308.19,308.45,96875.0
2026-07-02 12:35:00,308.42,308.42,308.23,308.31,97549.0
2026-07-02 12:36:00,308.26,308.42,308.19,308.35,113403.0
2026-07-02 12:37:00,308.38,308.42,308.2,308.3,126061.0
2026-07-02 12:38:00,308.35,308.4,308.06,308.19,164933.0
2026-07-02 12:39:00,308.21,308.28,307.93,308.12,159675.0
2026-07-02 12:40:00,308.13,308.18,307.76,307.77,136158.0
2026-07-02 12:41:00,307.75,307.9,307.39,307.47,168332.0
2026-07-02 12:42:00,307.47,307.57,307.23,307.43,167896.0
2026-07-02 12:43:00,307.39,307.44,307.05,307.29,80495.0
2026-07-02 12:44:00,307.3,307.55,307.29,307.46,78516.0
2026-07-02 12:45:00,307.4,307.4,307.13,307.26,63701.0
2026-07-02 12:46:00,307.27,307.33,306.95,306.99,102554.0
2026-07-02 12:47:00,307.0,307.67,306.67,307.63,139199.0
2026-07-02 12:48:00,307.65,307.87,307.41,307.55,110817.0
2026-07-02 12:49:00,307.58,307.82,307.58,307.78,114235.0
2026-07-02 12:50:00,307.79,307.87,307.5,307.65,150968.0
2026-07-02 12:51:00,307.62,307.95,307.6,307.72,149730.0
2026-07-02 12:52:00,307.76,308.29,307.76,308.29,119461.0
2026-07-02 12:53:00,308.29,308.35,308.1,308.21,101305.0
2026-07-02 12:54:00,308.23,308.44,308.23,308.26,130564.0
2026-07-02 12:55:00,308.24,308.53,308.24,308.4,128115.0
2026-07-02 12:56:00,308.39,308.48,308.28,308.28,93644.0
2026-07-02 12:57:00,308.31,308.5,308.19,308.29,146555.0
2026-07-02 12:58:00,308.24,308.38,307.97,308.38,107150.0
2026-07-02 12:59:00,308.36,308.4,308.08,308.31,102511.0
2026-07-02 13:00:00,308.32,308.43,307.42,307.98,287919.0
2026-07-02 13:01:00,307.93,307.97,307.72,307.81,142607.0
2026-07-02 13:02:00,307.82,307.96,307.7,307.75,96128.0
2026-07-02 13:03:00,307.75,307.76,307.42,307.54,120424.0
2026-07-02 13:04:00,307.53,307.64,307.22,307.33,127124.0
2026-07-02 13:05:00,307.39,307.46,307.1,307.19,103794.0
2026-07-02 13:06:00,307.14,307.53,307.09,307.53,60452.0
2026-07-02 13:07:00,307.53,307.9,307.27,307.82,75227.0
2026-07-02 13:08:00,307.83,308.08,307.79,307.94,99792.0
2026-07-02 13:09:00,307.97,308.3,307.97,308.27,80525.0
2026-07-02 13:10:00,308.29,308.32,307.9,307.93,156906.0
2026-07-02 13:11:00,307.91,308.28,307.91,308.2,149400.0
2026-07-02 13:12:00,308.16,308.19,307.87,308.02,106606.0
2026-07-02 13:13:00,308.02,308.03,307.87,307.98,70969.0
2026-07-02 13:14:00,307.99,308.21,307.89,308.2,87134.0
2026-07-02 13:15:00,308.19,308.32,308.12,308.27,141358.0
2026-07-02 13:16:00,308.27,308.3,308.05,308.11,122082.0
2026-07-02 13:17:00,308.12,308.13,307.86,307.89,102269.0
2026-07-02 13:18:00,307.91,308.16,307.83,308.04,96451.0
2026-07-02 13:19:00,308.03,308.04,307.65,307.76,123236.0
2026-07-02 13:20:00,307.79,307.91,307.69,307.75,85810.0
2026-07-02 13:21:00,307.76,307.93,307.67,307.74,94126.0
2026-07-02 13:22:00,307.76,307.94,307.75,307.88,80700.0
2026-07-02 13:23:00,307.9,307.99,307.82,307.92,63065.0
2026-07-02 13:24:00,307.93,307.96,307.74,307.86,64605.0
2026-07-02 13:25:00,307.86,307.87,307.69,307.72,56634.0
2026-07-02 13:26:00,307.71,307.76,307.28,307.28,57120.0
2026-07-02 13:27:00,307.26,307.77,307.26,307.74,68479.0
2026-07-02 13:28:00,307.76,307.87,307.76,307.85,81235.0
2026-07-02 13:29:00,307.83,307.91,307.7,307.79,37903.0
2026-07-02 13:30:00,307.79,307.88,307.68,307.75,68787.0
2026-07-02 13:31:00,307.74,308.07,307.74,307.94,95657.0
2026-07-02 13:32:00,307.94,308.03,307.86,307.96,60393.0
2026-07-02 13:33:00,307.96,308.1,307.93,307.99,82265.0
2026-07-02 13:34:00,307.98,308.06,307.48,307.53,128921.0
2026-07-02 13:35:00,307.5,307.88,307.42,307.48,97267.0
2026-07-02 13:36:00,307.49,307.86,307.46,307.76,80060.0
2026-07-02 13:37:00,307.78,307.83,307.58,307.68,87941.0
2026-07-02 13:38:00,307.68,307.97,307.68,307.97,81124.0
2026-07-02 13:39:00,307.97,308.03,307.78,307.83,90039.0
2026-07-02 13:40:00,307.83,307.88,307.64,307.83,115836.0
2026-07-02 13:41:00,307.83,308.08,307.77,308.05,71509.0
2026-07-02 13:42:00,308.05,308.05,307.85,307.92,70822.0
2026-07-02 13:43:00,307.92,308.05,307.81,308.03,95050.0
2026-07-02 13:44:00,308.05,308.17,307.89,308.17,80351.0
2026-07-02 13:45:00,308.18,308.3,308.02,308.28,137567.0
2026-07-02 13:46:00,308.25,308.25,308.02,308.02,115918.0
2026-07-02 13:47:00,308.04,308.08,307.64,307.68,101054.0
2026-07-02 13:48:00,307.69,308.07,307.48,308.04,102011.0
2026-07-02 13:49:00,308.04,308.18,307.74,307.96,178011.0
2026-07-02 13:50:00,307.98,308.05,307.79,307.93,260684.0
2026-07-02 13:51:00,307.95,308.1,307.91,307.99,82459.0
2026-07-02 13:52:00,308.01,308.02,307.72,307.8,97424.0
2026-07-02 13:53:00,307.78,307.97,307.73,307.73,71262.0
2026-07-02 13:54:00,307.73,307.88,307.69,307.83,55474.0
2026-07-02 13:55:00,307.73,307.83,307.39,307.39,10739.0
2026-07-02 13:56:00,307.4,307.5,307.35,307.49,4257.0
2026-07-02 13:57:00,307.47,307.6,307.28,307.42,98036.0
2026-07-02 13:58:00,307.42,307.49,307.26,307.33,55827.0
2026-07-02 13:59:00,307.32,307.33,307.14,307.33,94000.0
2026-07-02 14:00:00,307.34,307.73,307.13,307.64,137314.0
2026-07-02 14:01:00,307.64,307.64,307.47,307.6,97881.0
2026-07-02 14:02:00,307.61,307.65,307.27,307.28,137455.0
2026-07-02 14:03:00,307.27,307.37,307.17,307.37,71674.0
2026-07-02 14:04:00,307.38,307.79,307.38,307.65,73854.0
2026-07-02 14:05:00,307.65,307.77,307.56,307.61,91012.0
2026-07-02 14:06:00,307.62,307.8,307.59,307.59,105806.0
2026-07-02 14:07:00,307.54,307.72,307.36,307.41,68060.0
2026-07-02 14:08:00,307.39,307.78,307.23,307.77,78666.0
2026-07-02 14:09:00,307.77,307.81,307.46,307.51,86444.0
2026-07-02 14:10:00,307.52,307.65,307.45,307.5,77700.0
2026-07-02 14:11:00,307.52,307.67,307.52,307.59,68510.0
2026-07-02 14:12:00,307.57,307.69,307.48,307.66,69061.0
2026-07-02 14:13:00,307.66,307.71,307.57,307.66,103261.0
2026-07-02 14:14:00,307.62,307.67,307.51,307.64,70357.0
2026-07-02 14:15:00,307.64,307.74,307.54,307.69,75460.0
2026-07-02 14:16:00,307.69,307.79,307.49,307.68,74147.0
2026-07-02 14:17:00,307.7,307.79,307.43,307.46,94858.0
2026-07-02 14:18:00,307.46,307.62,307.36,307.5,67083.0
2026-07-02 14:19:00,307.53,307.54,306.85,307.11,244359.0
2026-07-02 14:20:00,307.11,307.46,307.11,307.4,80475.0
2026-07-02 14:21:00,307.41,307.58,307.38,307.41,64316.0
2026-07-02 14:22:00,307.37,307.37,307.12,307.13,82683.0
2026-07-02 14:23:00,307.15,307.3,307.12,307.3,71491.0
2026-07-02 14:24:00,307.31,307.46,307.25,307.25,76309.0
2026-07-02 14:25:00,307.25,307.35,307.17,307.29,90488.0
2026-07-02 14:26:00,307.28,307.43,307.12,307.39,106135.0
2026-07-02 14:27:00,307.36,307.37,307.14,307.28,78694.0
2026-07-02 14:28:00,307.3,307.49,307.3,307.48,74644.0
2026-07-02 14:29:00,307.47,307.52,307.31,307.33,49270.0
2026-07-02 14:30:00,307.35,307.75,307.28,307.62,115548.0
2026-07-02 14:31:00,307.62,307.9,307.61,307.87,104110.0
2026-07-02 14:32:00,307.87,307.87,307.63,307.63,86494.0
2026-07-02 14:33:00,307.63,307.63,307.4,307.54,57555.0
2026-07-02 14:34:00,307.57,307.61,307.49,307.56,86697.0
2026-07-02 14:35:00,307.57,307.6,307.4,307.47,70178.0
2026-07-02 14:36:00,307.48,307.77,307.44,307.59,68516.0
2026-07-02 14:37:00,307.59,307.68,307.56,307.68,42489.0
2026-07-02 14:38:00,307.66,307.66,307.45,307.49,53785.0
2026-07-02 14:39:00,307.4,307.48,307.3,307.33,55194.0
2026-07-02 14:40:00,307.32,307.45,307.16,307.23,8298.0
2026-07-02 14:41:00,307.24,307.4,307.15,307.15,60820.0
2026-07-02 14:42:00,307.16,307.48,307.16,307.38,67334.0
2026-07-02 14:43:00,307.39,307.47,307.3,307.43,65168.0
2026-07-02 14:44:00,307.42,307.67,307.42,307.54,71755.0
2026-07-02 14:45:00,307.55,307.65,307.39,307.57,54175.0
2026-07-02 14:46:00,307.56,307.56,307.38,307.49,48434.0
2026-07-02 14:47:00,307.51,307.52,307.35,307.49,46397.0
2026-07-02 14:48:00,307.5,307.52,307.39,307.52,35971.0
2026-07-02 14:49:00,307.53,307.55,307.35,307.42,50323.0
2026-07-02 14:50:00,307.42,307.79,307.41,307.77,93358.0
2026-07-02 14:51:00,307.77,307.8,307.66,307.73,85328.0
2026-07-02 14:52:00,307.76,307.81,307.58,307.71,84716.0
2026-07-02 14:53:00,307.73,307.8,307.7,307.79,47708.0
2026-07-02 14:54:00,307.8,307.81,307.52,307.56,100157.0
2026-07-02 14:55:00,307.57,307.82,307.55,307.78,88257.0
2026-07-02 14:56:00,307.78,307.89,307.75,307.83,86688.0
2026-07-02 14:57:00,307.84,307.87,307.6,307.87,94397.0
2026-07-02 14:58:00,307.88,308.09,307.77,307.82,124210.0
2026-07-02 14:59:00,307.82,307.93,307.64,307.64,78336.0
2026-07-02 15:00:00,307.66,308.18,307.6,308.0,91369.0
2026-07-02 15:01:00,308.01,308.08,307.8,307.95,99263.0
2026-07-02 15:02:00,307.92,307.98,307.77,307.85,76490.0
2026-07-02 15:03:00,307.85,307.97,307.85,307.93,68184.0
2026-07-02 15:04:00,307.93,307.95,307.38,307.43,119712.0
2026-07-02 15:05:00,307.44,307.74,307.44,307.74,69905.0
2026-07-02 15:06:00,307.76,308.05,307.73,307.93,114076.0
2026-07-02 15:07:00,307.94,308.22,307.94,308.19,112855.0
2026-07-02 15:08:00,308.2,308.2,308.07,308.14,78574.0
2026-07-02 15:09:00,308.13,308.23,308.08,308.08,90932.0
2026-07-02 15:10:00,308.07,308.3,308.04,308.29,104716.0
2026-07-02 15:11:00,308.28,308.32,308.13,308.13,89287.0
2026-07-02 15:12:00,308.14,308.15,307.87,307.95,69809.0
2026-07-02 15:13:00,307.92,308.02,307.8,307.8,73382.0
2026-07-02 15:14:00,307.8,307.88,307.66,307.81,73672.0
2026-07-02 15:15:00,307.79,307.79,307.45,307.52,83812.0
2026-07-02 15:16:00,307.51,307.84,307.51,307.78,101204.0
2026-07-02 15:17:00,307.77,307.97,307.76,307.91,84409.0
2026-07-02 15:18:00,307.91,307.95,307.77,307.84,84826.0
2026-07-02 15:19:00,307.83,308.05,307.81,307.93,99728.0
2026-07-02 15:20:00,307.93,307.96,307.8,307.82,66403.0
2026-07-02 15:21:00,307.82,307.88,307.7,307.77,90971.0
2026-07-02 15:22:00,307.77,307.77,307.5,307.63,110024.0
2026-07-02 15:23:00,307.62,307.65,307.47,307.52,127051.0
2026-07-02 15:24:00,307.54,307.67,307.5,307.63,91415.0
2026-07-02 15:25:00,307.63,307.65,307.54,307.6,102101.0
2026-07-02 15:26:00,307.59,307.61,307.42,307.43,92383.0
2026-07-02 15:27:00,307.42,307.51,307.31,307.51,92672.0
2026-07-02 15:28:00,307.5,307.53,307.37,307.37,101577.0
2026-07-02 15:29:00,307.36,307.55,307.27,307.42,98779.0
2026-07-02 15:30:00,307.44,307.75,307.35,307.73,109261.0
2026-07-02 15:31:00,307.75,307.83,307.68,307.8,144554.0
2026-07-02 15:32:00,307.79,307.98,307.73,307.95,124745.0
2026-07-02 15:33:00,307.98,308.13,307.98,308.07,130611.0
2026-07-02 15:34:00,308.08,308.16,308.04,308.05,94593.0
2026-07-02 15:35:00,308.05,308.15,308.02,308.09,118268.0
2026-07-02 15:36:00,308.07,308.21,307.96,308.18,157177.0
2026-07-02 15:37:00,308.2,308.36,308.14,308.36,127018.0
2026-07-02 15:38:00,308.37,308.51,308.16,308.17,175604.0
2026-07-02 15:39:00,308.17,308.3,308.08,308.26,134706.0
2026-07-02 15:40:00,308.27,308.46,308.22,308.29,137751.0
2026-07-02 15:41:00,308.29,308.42,308.23,308.38,133164.0
2026-07-02 15:42:00,308.38,308.38,308.13,308.19,214768.0
2026-07-02 15:43:00,308.18,308.28,307.87,307.87,160750.0
2026-07-02 15:44:00,307.83,308.03,307.79,307.97,178037.0
2026-07-02 15:45:00,307.99,308.04,307.72,307.74,158471.0
2026-07-02 15:46:00,307.73,307.76,307.55,307.75,123484.0
2026-07-02 15:47:00,307.73,307.82,307.55,307.55,102845.0
2026-07-02 15:48:00,307.56,307.71,307.22,307.71,172208.0
2026-07-02 15:49:00,307.71,307.75,307.43,307.53,183802.0
2026-07-02 15:50:00,307.61,309.2,307.54,307.73,369519.0
2026-07-02 15:51:00,307.76,308.12,307.74,307.99,272217.0
2026-07-02 15:52:00,307.97,308.23,307.93,308.09,222816.0
2026-07-02 15:53:00,308.18,308.31,308.04,308.31,332885.0
2026-07-02 15:54:00,308.32,308.55,307.89,308.04,318358.0
2026-07-02 15:55:00,308.04,309.25,307.75,309.17,556325.0
2026-07-02 15:56:00,309.2,309.28,308.93,309.14,477999.0
2026-07-02 15:57:00,309.14,309.42,308.96,309.12,80673.0
2026-07-02 15:58:00,309.11,309.21,308.71,308.74,81676.0
2026-07-02 15:59:00,308.75,308.96,308.11,308.27,101399.0
2026-07-06 09:30:00,307.64,308.54,307.0,308.21,47165.0
2026-07-06 09:31:00,308.18,308.78,307.71,307.75,232205.0
2026-07-06 09:32:00,307.68,308.29,307.47,308.29,162777.0
2026-07-06 09:33:00,308.27,308.99,308.15,308.86,241156.0
2026-07-06 09:34:00,308.85,308.95,308.46,308.78,135556.0
2026-07-06 09:35:00,308.71,308.88,308.24,308.52,222662.0
2026-07-06 09:36:00,308.56,309.24,308.44,309.05,249878.0
2026-07-06 09:37:00,309.05,309.33,308.72,309.3,123088.0
2026-07-06 09:38:00,309.3,309.48,308.77,308.77,137882.0
2026-07-06 09:39:00,308.79,309.48,308.74,309.43,97067.0
2026-07-06 09:40:00,309.42,309.9,308.77,308.78,163063.0
2026-07-06 09:41:00,308.79,309.24,308.56,308.56,104308.0
2026-07-06 09:42:00,308.56,308.82,308.1,308.74,163795.0
2026-07-06 09:43:00,308.65,309.43,308.65,309.06,97801.0
2026-07-06 09:44:00,309.06,309.43,308.8,309.22,88805.0
2026-07-06 09:45:00,309.33,309.57,309.0,309.44,115480.0
2026-07-06 09:46:00,309.47,309.9,309.33,309.73,127093.0
2026-07-06 09:47:00,309.75,309.95,309.22,309.43,156495.0
2026-07-06 09:48:00,309.43,309.66,309.33,309.58,101613.0
2026-07-06 09:49:00,309.54,309.6,309.19,309.39,110488.0
2026-07-06 09:50:00,309.41,309.91,309.3,309.72,96557.0
2026-07-06 09:51:00,309.69,309.73,308.41,308.57,167830.0
2026-07-06 09:52:00,308.54,309.03,308.54,308.93,109146.0
2026-07-06 09:53:00,308.96,309.12,308.82,309.02,93567.0
2026-07-06 09:54:00,309.04,309.24,308.96,309.19,94761.0
2026-07-06 09:55:00,309.18,309.42,308.86,309.32,93229.0
2026-07-06 09:56:00,309.35,309.7,309.35,309.66,94175.0
2026-07-06 09:57:00,309.65,309.76,309.38,309.38,121651.0
2026-07-06 09:58:00,309.41,309.42,309.01,309.29,100744.0
2026-07-06 09:59:00,309.27,309.62,309.22,309.57,190474.0
2026-07-06 10:00:00,309.59,309.63,309.34,309.53,95206.0
2026-07-06 10:01:00,309.54,309.56,309.0,309.18,129818.0
2026-07-06 10:02:00,309.17,309.5,309.07,309.29,77324.0
2026-07-06 10:03:00,309.3,309.43,309.21,309.25,59392.0
2026-07-06 10:04:00,309.25,309.38,309.07,309.38,101249.0
2026-07-06 10:05:00,309.39,309.51,309.13,309.33,68842.0
2026-07-06 10:06:00,309.25,309.5,309.05,309.31,127658.0
2026-07-06 10:07:00,309.3,309.76,309.27,309.56,163983.0
2026-07-06 10:08:00,309.57,309.72,309.48,309.6,79125.0
2026-07-06 10:09:00,309.58,309.71,309.49,309.55,170314.0
2026-07-06 10:10:00,309.56,309.56,308.94,308.95,139015.0
2026-07-06 10:11:00,309.02,309.42,308.89,309.04,109327.0
2026-07-06 10:12:00,309.03,309.6,309.03,309.49,97368.0
2026-07-06 10:13:00,309.45,309.94,309.43,309.89,118256.0
2026-07-06 10:14:00,309.87,309.98,309.64,309.85,105917.0
2026-07-06 10:15:00,309.9,310.25,309.5,309.74,434212.0
2026-07-06 10:16:00,309.73,310.36,309.65,310.33,127833.0
2026-07-06 10:17:00,310.38,310.61,310.2,310.42,207955.0
2026-07-06 10:18:00,310.42,310.63,310.26,310.57,188942.0
2026-07-06 10:19:00,310.58,310.91,310.48,310.89,158538.0
2026-07-06 10:20:00,310.89,311.04,310.55,310.79,174753.0
2026-07-06 10:21:00,310.83,311.39,310.82,311.11,158342.0
2026-07-06 10:22:00,311.17,311.23,310.96,311.12,110981.0
2026-07-06 10:23:00,311.12,311.37,311.08,311.17,127557.0
2026-07-06 10:24:00,311.17,311.34,310.99,311.08,111992.0
2026-07-06 10:25:00,311.1,311.29,311.09,311.2,102453.0
2026-07-06 10:26:00,311.17,311.44,311.12,311.36,107646.0
2026-07-06 10:27:00,311.37,311.5,311.11,311.43,171132.0
2026-07-06 10:28:00,311.44,311.68,311.34,311.41,186537.0
2026-07-06 10:29:00,311.39,311.74,311.34,311.74,130912.0
2026-07-06 10:30:00,311.7,311.82,311.26,311.55,213375.0
2026-07-06 10:31:00,311.53,311.62,311.32,311.52,97006.0
2026-07-06 10:32:00,311.51,311.62,311.3,311.37,117658.0
2026-07-06 10:33:00,311.36,311.59,311.32,311.4,110785.0
2026-07-06 10:34:00,311.35,311.5,311.22,311.28,123495.0
2026-07-06 10:35:00,311.26,311.76,311.24,311.74,119205.0
2026-07-06 10:36:00,311.77,311.84,311.67,311.8,131118.0
2026-07-06 10:37:00,311.82,311.82,311.54,311.59,78428.0
2026-07-06 10:38:00,311.6,311.72,311.57,311.57,72323.0
2026-07-06 10:39:00,311.55,311.78,311.46,311.69,129936.0
2026-07-06 10:40:00,311.67,311.77,311.63,311.76,108835.0
2026-07-06 10:41:00,311.77,311.77,311.6,311.65,106058.0
2026-07-06 10:42:00,311.65,311.69,311.39,311.46,134059.0
2026-07-06 10:43:00,311.44,311.73,311.25,311.69,111328.0
2026-07-06 10:44:00,311.73,311.76,311.41,311.41,67950.0
2026-07-06 10:45:00,311.35,311.62,311.28,311.62,55237.0
2026-07-06 10:46:00,311.59,311.95,311.51,311.87,116024.0
2026-07-06 10:47:00,311.86,312.3,311.84,312.11,206833.0
2026-07-06 10:48:00,312.11,312.16,311.96,312.05,86150.0
2026-07-06 10:49:00,312.07,312.18,311.77,312.02,96014.0
2026-07-06 10:50:00,312.03,312.17,312.0,312.14,66406.0
2026-07-06 10:51:00,312.12,312.35,312.04,312.09,112203.0
2026-07-06 10:52:00,312.1,312.33,312.0,312.1,89540.0
2026-07-06 10:53:00,312.13,312.32,312.09,312.24,82847.0
2026-07-06 10:54:00,312.26,312.41,312.2,312.26,84828.0
2026-07-06 10:55:00,312.23,312.34,312.08,312.23,101315.0
2026-07-06 10:56:00,312.22,312.42,312.21,312.38,61811.0
2026-07-06 10:57:00,312.37,312.38,312.11,312.22,53651.0
2026-07-06 10:58:00,312.21,312.27,312.12,312.24,67404.0
2026-07-06 10:59:00,312.27,312.57,312.27,312.55,128405.0
2026-07-06 11:00:00,312.55,312.74,312.53,312.57,137228.0
2026-07-06 11:01:00,312.62,312.94,312.54,312.8,115943.0
2026-07-06 11:02:00,312.77,312.86,312.51,312.57,76104.0
2026-07-06 11:03:00,312.56,312.8,312.56,312.8,45695.0
2026-07-06 11:04:00,312.81,312.85,312.76,312.79,92528.0
2026-07-06 11:05:00,312.83,312.91,312.62,312.88,96825.0
2026-07-06 11:06:00,312.88,312.88,312.51,312.64,95007.0
2026-07-06 11:07:00,312.6,312.74,312.46,312.72,79067.0
2026-07-06 11:08:00,312.7,312.75,312.62,312.74,73337.0
2026-07-06 11:09:00,312.75,312.75,312.59,312.64,51543.0
2026-07-06 11:10:00,312.64,312.84,312.56,312.8,202248.0
2026-07-06 11:11:00,312.83,313.06,312.81,312.99,157768.0
2026-07-06 11:12:00,312.95,313.06,312.88,313.06,61451.0
2026-07-06 11:13:00,313.05,313.2,312.9,312.95,93349.0
2026-07-06 11:14:00,312.92,312.98,312.83,312.87,71059.0
2026-07-06 11:15:00,312.87,312.87,312.7,312.83,60771.0
2026-07-06 11:16:00,312.83,312.95,312.75,312.82,57304.0
2026-07-06 11:17:00,312.77,313.07,312.76,312.96,72193.0
2026-07-06 11:18:00,312.97,313.18,312.96,313.03,133899.0
2026-07-06 11:19:00,313.04,313.4,312.92,313.28,144478.0
2026-07-06 11:20:00,313.3,313.48,313.18,313.3,165369.0
2026-07-06 11:21:00,313.28,313.28,313.01,313.12,157088.0
2026-07-06 11:22:00,313.11,313.19,312.95,313.1,125723.0
2026-07-06 11:23:00,313.12,313.22,313.06,313.11,46550.0
2026-07-06 11:24:00,313.13,313.3,312.97,312.97,111487.0
2026-07-06 11:25:00,312.97,313.21,312.94,313.11,109977.0
2026-07-06 11:26:00,313.07,313.39,313.02,313.15,137169.0
2026-07-06 11:27:00,313.2,313.42,313.2,313.31,90389.0
2026-07-06 11:28:00,313.3,313.5,313.26,313.32,115758.0
2026-07-06 11:29:00,313.33,313.6,313.3,313.58,142794.0
2026-07-06 11:30:00,313.58,313.62,313.39,313.5,107721.0
2026-07-06 11:31:00,313.48,313.56,313.43,313.53,75221.0
2026-07-06 11:32:00,313.55,313.66,313.42,313.57,105798.0
2026-07-06 11:33:00,313.57,313.64,313.44,313.64,47908.0
2026-07-06 11:34:00,313.65,313.71,313.56,313.62,76443.0
2026-07-06 11:35:00,313.63,313.88,313.62,313.84,93517.0
2026-07-06 11:36:00,313.81,313.81,313.63,313.69,105128.0
2026-07-06 11:37:00,313.7,313.87,313.69,313.84,62838.0
2026-07-06 11:38:00,313.82,314.05,313.57,314.03,151167.0
2026-07-06 11:39:00,314.05,314.05,313.77,313.84,90752.0
2026-07-06 11:40:00,313.91,314.03,313.74,313.74,79828.0
2026-07-06 11:41:00,313.75,314.05,313.73,314.02,94489.0
2026-07-06 11:42:00,314.02,314.08,313.86,313.88,90274.0
2026-07-06 11:43:00,313.89,314.04,313.84,313.96,81408.0
2026-07-06 11:44:00,313.98,314.12,313.88,314.09,65234.0
2026-07-06 11:45:00,314.13,314.19,313.95,313.96,62317.0
2026-07-06 11:46:00,313.98,314.13,313.95,314.13,67911.0
2026-07-06 11:47:00,314.12,314.12,313.72,313.85,113247.0
2026-07-06 11:48:00,313.86,313.89,313.75,313.83,50927.0
2026-07-06 11:49:00,313.81,313.81,313.43,313.57,134200.0
2026-07-06 11:50:00,313.61,313.81,313.51,313.81,75976.0
2026-07-06 11:51:00,313.8,313.91,313.75,313.88,62094.0
2026-07-06 11:52:00,313.87,313.9,313.67,313.71,67602.0
2026-07-06 11:53:00,313.75,313.85,313.67,313.68,93590.0
2026-07-06 11:54:00,313.68,313.68,313.45,313.45,68044.0
2026-07-06 11:55:00,313.46,313.55,313.4,313.54,88314.0
2026-07-06 11:56:00,313.52,313.65,313.52,313.55,39499.0
2026-07-06 11:57:00,313.54,313.54,313.46,313.52,59908.0
2026-07-06 11:58:00,313.52,313.63,313.44,313.44,72353.0
2026-07-06 11:59:00,313.44,313.7,313.39,313.68,67958.0
2026-07-06 12:00:00,313.63,313.79,313.57,313.58,172730.0
2026-07-06 12:01:00,313.57,313.61,313.44,313.54,53919.0
2026-07-06 12:02:00,313.55,313.56,313.33,313.44,150596.0
2026-07-06 12:03:00,313.45,313.5,313.41,313.47,46175.0
2026-07-06 12:04:00,313.49,313.56,313.36,313.48,72693.0
2026-07-06 12:05:00,313.47,313.47,313.13,313.15,88427.0
2026-07-06 12:06:00,313.1,313.24,313.1,313.13,66084.0
2026-07-06 12:07:00,313.14,313.22,313.04,313.14,107474.0
2026-07-06 12:08:00,313.09,313.14,313.07,313.08,47777.0
2026-07-06 12:09:00,313.08,313.13,312.83,312.87,111607.0
2026-07-06 12:10:00,312.86,313.0,312.86,312.95,86297.0
2026-07-06 12:11:00,312.95,313.11,312.9,313.05,56834.0
2026-07-06 12:12:00,313.05,313.14,312.9,312.9,351872.0
2026-07-06 12:13:00,312.93,312.95,312.82,312.88,53607.0
2026-07-06 12:14:00,312.89,313.04,312.85,313.01,55043.0
2026-07-06 12:15:00,313.01,313.01,312.73,312.77,98651.0
2026-07-06 12:16:00,312.76,312.76,312.53,312.53,68072.0
2026-07-06 12:17:00,312.54,312.58,312.39,312.42,70313.0
2026-07-06 12:18:00,312.42,312.52,312.38,312.49,71131.0
2026-07-06 12:19:00,312.46,312.8,312.46,312.78,54200.0
2026-07-06 12:20:00,312.8,312.84,312.71,312.72,50207.0
2026-07-06 12:21:00,312.71,312.82,312.65,312.78,65373.0
2026-07-06 12:22:00,312.8,312.8,312.43,312.43,60730.0
2026-07-06 12:23:00,312.46,312.49,312.38,312.44,43848.0
2026-07-06 12:24:00,312.43,312.63,312.39,312.55,45572.0
2026-07-06 12:25:00,312.59,312.64,312.44,312.45,36066.0
2026-07-06 12:26:00,312.46,312.55,312.39,312.39,48457.0
2026-07-06 12:27:00,312.39,312.45,312.33,312.33,34574.0
2026-07-06 12:28:00,312.33,312.46,312.33,312.43,36576.0
2026-07-06 12:29:00,312.43,312.44,312.23,312.25,60844.0
2026-07-06 12:30:00,312.25,312.31,312.0,312.0,97190.0
2026-07-06 12:31:00,312.03,312.1,311.92,311.92,84798.0
2026-07-06 12:32:00,311.9,312.1,311.88,312.1,61018.0
2026-07-06 12:33:00,312.11,312.39,312.09,312.35,70230.0
2026-07-06 12:34:00,312.45,312.53,312.31,312.36,61564.0
2026-07-06 12:35:00,312.36,312.36,312.04,312.04,39167.0
2026-07-06 12:36:00,312.02,312.12,311.95,312.02,7748.0
2026-07-06 12:37:00,312.01,312.08,311.94,312.01,46709.0
2026-07-06 12:38:00,312.01,312.17,311.99,312.14,50501.0
2026-07-06 12:39:00,312.13,312.18,312.06,312.07,3945.0
2026-07-06 12:40:00,312.08,312.19,312.07,312.17,39303.0
2026-07-06 12:41:00,312.17,312.53,312.15,312.5,351430.0
2026-07-06 12:42:00,312.5,312.62,312.49,312.62,55034.0
2026-07-06 12:43:00,312.61,312.75,312.52,312.73,78916.0
2026-07-06 12:44:00,312.73,312.74,312.54,312.58,70448.0
2026-07-06 12:45:00,312.59,312.61,312.5,312.53,82174.0
2026-07-06 12:46:00,312.54,312.74,312.52,312.66,45409.0
2026-07-06 12:47:00,312.64,312.79,312.64,312.76,40771.0
2026-07-06 12:48:00,312.75,312.89,312.73,312.88,82298.0
2026-07-06 12:49:00,312.9,312.97,312.9,312.96,42765.0
2026-07-06 12:50:00,312.95,312.95,312.85,312.88,37918.0
2026-07-06 12:51:00,312.86,312.87,312.68,312.69,31439.0
2026-07-06 12:52:00,312.68,312.74,312.6,312.64,43621.0
2026-07-06 12:53:00,312.63,312.65,312.51,312.6,44118.0
2026-07-06 12:54:00,312.6,312.62,312.44,312.61,43125.0
2026-07-06 12:55:00,312.62,312.78,312.62,312.72,42899.0
2026-07-06 12:56:00,312.7,312.77,312.55,312.77,38832.0
2026-07-06 12:57:00,312.76,312.76,312.68,312.73,23965.0
2026-07-06 12:58:00,312.73,312.78,312.66,312.73,66578.0
2026-07-06 12:59:00,312.69,312.76,312.52,312.53,46051.0
2026-07-06 13:00:00,312.54,312.73,312.49,312.7,59066.0
2026-07-06 13:01:00,312.71,312.8,312.69,312.73,48412.0
2026-07-06 13:02:00,312.73,312.75,312.54,312.55,47820.0
2026-07-06 13:03:00,312.56,312.74,312.56,312.74,45314.0
2026-07-06 13:04:00,312.73,312.82,312.7,312.8,39884.0
2026-07-06 13:05:00,312.81,312.85,312.7,312.79,46540.0
2026-07-06 13:06:00,312.8,312.87,312.76,312.81,7302.0
2026-07-06 13:07:00,312.82,312.9,312.73,312.74,37808.0
2026-07-06 13:08:00,312.73,312.73,312.39,312.42,53142.0
2026-07-06 13:09:00,312.43,312.49,312.33,312.46,38661.0
2026-07-06 13:10:00,312.47,312.63,312.47,312.53,44339.0
2026-07-06 13:11:00,312.53,312.72,312.45,312.72,39004.0
2026-07-06 13:12:00,312.73,312.75,312.61,312.69,28829.0
2026-07-06 13:13:00,312.7,312.75,312.61,312.63,44437.0
2026-07-06 13:14:00,312.62,312.77,312.62,312.74,33286.0
2026-07-06 13:15:00,312.74,312.91,312.74,312.8,50320.0
2026-07-06 13:16:00,312.81,312.81,312.61,312.62,39330.0
2026-07-06 13:17:00,312.63,312.71,312.57,312.57,39278.0
2026-07-06 13:18:00,312.57,312.66,312.55,312.66,45764.0
2026-07-06 13:19:00,312.67,312.75,312.58,312.72,47937.0
2026-07-06 13:20:00,312.72,312.8,312.51,312.54,176945.0
2026-07-06 13:21:00,312.54,312.74,312.51,312.74,31324.0
2026-07-06 13:22:00,312.73,312.8,312.64,312.79,71939.0
2026-07-06 13:23:00,312.78,312.87,312.69,312.75,37214.0
2026-07-06 13:24:00,312.75,312.75,312.63,312.63,33955.0
2026-07-06 13:25:00,312.63,312.69,312.59,312.69,33456.0
2026-07-06 13:26:00,312.7,312.71,312.55,312.57,48342.0
2026-07-06 13:27:00,312.56,312.63,312.52,312.58,23773.0
2026-07-06 13:28:00,312.56,312.56,312.41,312.43,28574.0
2026-07-06 13:29:00,312.45,312.51,312.37,312.38,37088.0
2026-07-06 13:30:00,312.37,312.38,312.11,312.12,52802.0
2026-07-06 13:31:00,312.13,312.46,312.13,312.45,48922.0
2026-07-06 13:32:00,312.45,312.58,312.43,312.46,45073.0
2026-07-06 13:33:00,312.47,312.54,312.42,312.45,28384.0
2026-07-06 13:34:00,312.44,312.44,312.28,312.33,36180.0
2026-07-06 13:35:00,312.34,312.46,312.27,312.46,48866.0
2026-07-06 13:36:00,312.44,312.48,312.36,312.37,158264.0
2026-07-06 13:37:00,312.35,312.4,312.26,312.35,42339.0
2026-07-06 13:38:00,312.34,312.59,312.34,312.54,45848.0
2026-07-06 13:39:00,312.56,312.56,312.42,312.46,27366.0
2026-07-06 13:40:00,312.44,312.44,312.35,312.4,26743.0
2026-07-06 13:41:00,312.4,312.44,312.36,312.43,29102.0
2026-07-06 13:42:00,312.43,312.52,312.3,312.33,39716.0
2026-07-06 13:43:00,312.34,312.43,312.32,312.43,35025.0
2026-07-06 13:44:00,312.45,312.52,312.4,312.4,34634.0
2026-07-06 13:45:00,312.41,312.48,312.3,312.47,45772.0
2026-07-06 13:46:00,312.48,312.7,312.46,312.69,61018.0
2026-07-06 13:47:00,312.69,312.69,312.47,312.52,32221.0
2026-07-06 13:48:00,312.55,312.61,312.42,312.42,25824.0
2026-07-06 13:49:00,312.42,312.57,312.42,312.55,33210.0
2026-07-06 13:50:00,312.57,312.72,312.57,312.67,40106.0
2026-07-06 13:51:00,312.63,312.66,312.55,312.6,29597.0
2026-07-06 13:52:00,312.59,312.7,312.55,312.64,28140.0
2026-07-06 13:53:00,312.59,312.59,312.38,312.47,38255.0
2026-07-06 13:54:00,312.47,312.63,312.38,312.38,40384.0
2026-07-06 13:55:00,312.39,312.58,312.39,312.57,31830.0
2026-07-06 13:56:00,312.58,312.61,312.51,312.51,26890.0
2026-07-06 13:57:00,312.51,312.51,312.44,312.46,22658.0
2026-07-06 13:58:00,312.47,312.61,312.46,312.61,29381.0
2026-07-06 13:59:00,312.62,312.72,312.62,312.72,51233.0
2026-07-06 14:00:00,312.73,312.8,312.73,312.78,33720.0
2026-07-06 14:01:00,312.77,312.82,312.72,312.73,43649.0
2026-07-06 14:02:00,312.73,312.81,312.65,312.66,58919.0
2026-07-06 14:03:00,312.65,312.65,312.48,312.59,47168.0
2026-07-06 14:04:00,312.53,312.58,312.42,312.58,39173.0
2026-07-06 14:05:00,312.59,312.76,312.57,312.69,42392.0
2026-07-06 14:06:00,312.69,312.73,312.67,312.7,28918.0
2026-07-06 14:07:00,312.7,312.73,312.61,312.61,30831.0
2026-07-06 14:08:00,312.6,312.85,312.57,312.82,68894.0
2026-07-06 14:09:00,312.81,312.84,312.72,312.72,30173.0
2026-07-06 14:10:00,312.73,312.73,312.65,312.71,26923.0
2026-07-06 14:11:00,312.71,312.71,312.54,312.63,39978.0
2026-07-06 14:12:00,312.63,312.75,312.61,312.69,22547.0
2026-07-06 14:13:00,312.69,312.84,312.64,312.82,37138.0
2026-07-06 14:14:00,312.81,312.95,312.79,312.92,48520.0
2026-07-06 14:15:00,312.93,313.02,312.91,312.99,107383.0
2026-07-06 14:16:00,312.98,313.14,312.97,313.05,54762.0
2026-07-06 14:17:00,313.04,313.05,312.95,312.97,34027.0
2026-07-06 14:18:00,312.98,312.98,312.85,312.88,46330.0
2026-07-06 14:19:00,312.89,313.04,312.89,312.99,50580.0
2026-07-06 14:20:00,313.0,313.0,312.86,312.9,35312.0
2026-07-06 14:21:00,312.9,312.92,312.78,312.84,36469.0
2026-07-06 14:22:00,312.84,312.9,312.82,312.86,26518.0
2026-07-06 14:23:00,312.85,312.97,312.85,312.97,32827.0
2026-07-06 14:24:00,312.96,313.04,312.92,313.01,42706.0
2026-07-06 14:25:00,313.01,313.08,313.01,313.04,41849.0
2026-07-06 14:26:00,313.02,313.04,312.84,312.91,40900.0
2026-07-06 14:27:00,312.92,312.98,312.87,312.96,33394.0
2026-07-06 14:28:00,312.95,312.97,312.9,312.97,32207.0
2026-07-06 14:29:00,312.98,313.14,312.98,313.08,51254.0
2026-07-06 14:30:00,313.08,313.37,313.08,313.33,78339.0
2026-07-06 14:31:00,313.34,313.37,313.29,313.35,48815.0
2026-07-06 14:32:00,313.36,313.47,313.32,313.34,95459.0
2026-07-06 14:33:00,313.38,313.4,313.32,313.33,34470.0
2026-07-06 14:34:00,313.32,313.34,313.25,313.28,48323.0
2026-07-06 14:35:00,313.27,313.29,313.14,313.19,50296.0
2026-07-06 14:36:00,313.2,313.21,313.09,313.09,47772.0
2026-07-06 14:37:00,313.09,313.11,312.94,313.01,40029.0
2026-07-06 14:38:00,313.01,313.15,312.99,313.11,49512.0
2026-07-06 14:39:00,313.1,313.1,312.92,312.97,61795.0
2026-07-06 14:40:00,312.98,313.15,312.98,313.11,40772.0
2026-07-06 14:41:00,313.11,313.23,313.11,313.12,35256.0
2026-07-06 14:42:00,313.11,313.13,313.02,313.05,36980.0
2026-07-06 14:43:00,313.05,313.13,313.03,313.12,24290.0
2026-07-06 14:44:00,313.13,313.39,313.09,313.28,141586.0
2026-07-06 14:45:00,313.29,313.31,313.05,313.25,85833.0
2026-07-06 14:46:00,313.26,313.32,313.17,313.2,38637.0
2026-07-06 14:47:00,313.21,313.29,313.19,313.22,57777.0
2026-07-06 14:48:00,313.21,313.27,313.19,313.23,35225.0
2026-07-06 14:49:00,313.22,313.25,313.15,313.18,54294.0
2026-07-06 14:50:00,313.2,313.3,313.19,313.29,48976.0
2026-07-06 14:51:00,313.29,313.33,313.27,313.29,44309.0
2026-07-06 14:52:00,313.31,313.4,313.31,313.38,43456.0
2026-07-06 14:53:00,313.39,313.46,313.33,313.46,48251.0
2026-07-06 14:54:00,313.45,313.45,313.36,313.38,42032.0
2026-07-06 14:55:00,313.38,313.38,313.28,313.31,46023.0
2026-07-06 14:56:00,313.32,313.32,313.26,313.29,30197.0
2026-07-06 14:57:00,313.3,313.32,313.23,313.25,35029.0
2026-07-06 14:58:00,313.26,313.33,313.26,313.32,37104.0
2026-07-06 14:59:00,313.31,313.31,313.21,313.29,55708.0
2026-07-06 15:00:00,313.3,313.36,313.18,313.18,65529.0
2026-07-06 15:01:00,313.17,313.19,313.02,313.19,81376.0
2026-07-06 15:02:00,313.19,313.19,313.09,313.12,35008.0
2026-07-06 15:03:00,313.12,313.14,313.02,313.03,40071.0
2026-07-06 15:04:00,313.04,313.12,312.99,313.11,60335.0
2026-07-06 15:05:00,313.12,313.25,313.12,313.25,49941.0
2026-07-06 15:06:00,313.25,313.26,313.17,313.21,60310.0
2026-07-06 15:07:00,313.21,313.25,313.17,313.21,40207.0
2026-07-06 15:08:00,313.21,313.38,313.21,313.23,90818.0
2026-07-06 15:09:00,313.24,313.32,313.21,313.21,59320.0
2026-07-06 15:10:00,313.22,313.35,313.17,313.31,66605.0
2026-07-06 15:11:00,313.32,313.39,313.19,313.24,88895.0
2026-07-06 15:12:00,313.25,313.27,313.22,313.24,53889.0
2026-07-06 15:13:00,313.24,313.35,313.19,313.33,65399.0
2026-07-06 15:14:00,313.34,313.37,313.18,313.2,84661.0
2026-07-06 15:15:00,313.22,313.32,313.16,313.21,8231.0
2026-07-06 15:16:00,313.22,313.23,313.17,313.18,912.0
2026-07-06 15:17:00,313.2435,313.2435,313.06,313.10001,70507.80950000137
2026-07-06 15:18:00,313.03,313.12,313.03,313.07,50093.0
2026-07-06 15:19:00,313.08499,313.27,313.08499,313.205,77152.0
2026-07-06 15:20:00,313.22,313.385,313.22,313.385,65765.0
2026-07-06 15:21:00,313.43,313.44,313.39,313.425,52854.0
2026-07-06 15:22:00,313.425,313.45,313.355,313.41,59537.0
2026-07-06 15:23:00,313.4101,313.43,313.37,313.43,77520.0
2026-07-06 15:24:00,313.4293,313.4293,313.368,313.368,58373.0
2026-07-06 15:25:00,313.335,313.478,313.335,313.43,58022.0
2026-07-06 15:26:00,313.51,313.53,313.46,313.51,94719.0
2026-07-06 15:27:00,313.53,313.53,313.34,313.37,59645.0
2026-07-06 15:28:00,313.385,313.48,313.3715,313.43,47661.0
2026-07-06 15:29:00,313.3799,313.406,313.33,313.406,78521.0
2026-07-06 15:30:00,313.42001,313.558,313.36,313.558,107258.0
2026-07-06 15:31:00,313.55,313.62,313.53,313.53,75358.96332000196
2026-07-06 15:32:00,313.516,313.5653,313.4458,313.54,55751.03667999804
2026-07-06 15:33:00,313.57,313.64999,313.47,313.47,55297.41151999682
2026-07-06 15:34:00,313.45,313.5,313.35,313.4885,74352.17981000245
2026-07-06 15:35:00,313.58,313.58,313.466,313.55,60969.670050002635
2026-07-06 15:36:00,313.586,313.59,313.468,313.468,51408.98705999553
2026-07-06 15:37:00,313.495,313.585,313.495,313.56,50181.11506000161
2026-07-06 15:38:00,313.59,313.6894,313.59,313.6203,55749.636500000954
2026-07-06 15:39:00,313.63,313.6699,313.5261,313.5261,54266.394359998405
2026-07-06 15:40:00,313.61,313.6301,313.565,313.608,74238.27947000414
2026-07-06 15:41:00,313.595,313.70001,313.595,313.685,79536.32616999745
2026-07-06 15:42:00,313.69009,313.73,313.6414,313.705,69215.0
2026-07-06 15:43:00,313.695,313.698,313.65,313.67,57309.0
2026-07-06 15:44:00,313.7,313.7,313.615,313.615,103215.0
2026-07-06 15:45:00,313.66,313.67,313.585,313.646,78617.0
2026-07-06 15:46:00,313.64,313.64,313.39,313.436,169257.0
2026-07-06 15:47:00,313.46,313.526,313.4,313.41501,89235.0
2026-07-06 15:48:00,313.4205,313.4205,313.17,313.17001,110047.0
2026-07-06 15:49:00,313.20999,313.20999,312.94,312.94,107849.0
2026-07-06 15:50:00,312.56,313.03989,312.56,313.006,268356.0
2026-07-06 15:51:00,312.99,312.99,312.5699,312.5699,122853.0
2026-07-06 15:52:00,312.82001,312.85,312.74899,312.75,113300.0
2026-07-06 15:53:00,312.72,312.77499,312.6301,312.75,168317.0
2026-07-06 15:54:00,312.78,312.8009,312.575,312.575,159406.0
2026-07-06 15:55:00,312.63,312.66,312.49,312.52,518288.0
2026-07-06 15:56:00,312.44,312.508,312.37,312.41,229811.0
2026-07-06 15:57:00,312.435,312.87,312.435,312.77,297180.0
2026-07-06 15:58:00,312.59,312.85,312.59,312.85,500320.0
2026-07-06 15:59:00,312.96,312.96,312.71,312.73,899877.0
